turno;nivel;uf;cd_municipio;municipio;numero;candidato;partido;votos;pct_validos;atualizado_em
1;br;BR;;BRASIL;22;FLAVIO NANTES BOLSONARO;PL;56104503;47.03;2026-10-05T17:14:33+00:00
1;br;BR;;BRASIL;55;RONALDO RAMOS CAIADO;PSD;2605148;2.18;2026-10-05T17:14:33+00:00
1;br;BR;;BRASIL;13;LUIZ INÁCIO LULA DA SILVA;PT;53879538;45.16;2026-10-05T17:14:33+00:00
1;br;BR;;BRASIL;27;CLARIANA ZACARKIM BARAO;DC;40043;0.03;2026-10-05T17:14:33+00:00
1;br;BR;;BRASIL;21;EDMILSON SILVA COSTA;PCB;22693;0.02;2026-10-05T17:14:33+00:00
1;br;BR;;BRASIL;16;HERTZ DA CONCEICAO DIAS;PSTU;43103;0.04;2026-10-05T17:14:33+00:00
1;br;BR;;BRASIL;70;AUGUSTO JORGE CURY;AVANTE;3448569;2.89;2026-10-05T17:14:33+00:00
1;br;BR;;BRASIL;30;ROMEU ZEMA NETO;NOVO;326488;0.27;2026-10-05T17:14:33+00:00
1;br;BR;;BRASIL;80;SAMARA MARTINS DA SILVA FEITOSA;UP;122911;0.1;2026-10-05T17:14:33+00:00
1;br;BR;;BRASIL;35;WILSON GRASSI JUNIOR;DEMOCRATA;16881;0.01;2026-10-05T17:14:33+00:00
1;br;BR;;BRASIL;14;RENAN ANTONIO FERREIRA DOS SANTOS;MISSÃO;2675887;2.24;2026-10-05T17:14:33+00:00
1;br;BR;;BRASIL;29;RUI COSTA PIMENTA;PCO;15024;0.01;2026-10-05T17:14:33+00:00
1;uf;AC;;AC;22;FLAVIO NANTES BOLSONARO;PL;302807;64.56;2026-10-05T17:14:33+00:00
1;uf;AC;;AC;55;RONALDO RAMOS CAIADO;PSD;8594;1.83;2026-10-05T17:14:33+00:00
1;uf;AC;;AC;13;LUIZ INÁCIO LULA DA SILVA;PT;134770;28.73;2026-10-05T17:14:33+00:00
1;uf;AC;;AC;27;CLARIANA ZACARKIM BARAO;DC;215;0.05;2026-10-05T17:14:33+00:00
1;uf;AC;;AC;21;EDMILSON SILVA COSTA;PCB;140;0.03;2026-10-05T17:14:33+00:00
1;uf;AC;;AC;16;HERTZ DA CONCEICAO DIAS;PSTU;71;0.02;2026-10-05T17:14:33+00:00
1;uf;AC;;AC;70;AUGUSTO JORGE CURY;AVANTE;13523;2.88;2026-10-05T17:14:33+00:00
1;uf;AC;;AC;30;ROMEU ZEMA NETO;NOVO;573;0.12;2026-10-05T17:14:33+00:00
1;uf;AC;;AC;80;SAMARA MARTINS DA SILVA FEITOSA;UP;314;0.07;2026-10-05T17:14:33+00:00
1;uf;AC;;AC;35;WILSON GRASSI JUNIOR;DEMOCRATA;39;0.01;2026-10-05T17:14:33+00:00
1;uf;AC;;AC;14;RENAN ANTONIO FERREIRA DOS SANTOS;MISSÃO;7980;1.7;2026-10-05T17:14:33+00:00
1;uf;AC;;AC;29;RUI COSTA PIMENTA;PCO;40;0.01;2026-10-05T17:14:33+00:00
1;uf;AL;;AL;22;FLAVIO NANTES BOLSONARO;PL;735718;40.45;2026-10-05T17:14:34+00:00
1;uf;AL;;AL;55;RONALDO RAMOS CAIADO;PSD;14198;0.78;2026-10-05T17:14:34+00:00
1;uf;AL;;AL;13;LUIZ INÁCIO LULA DA SILVA;PT;995459;54.73;2026-10-05T17:14:34+00:00
1;uf;AL;;AL;16;HERTZ DA CONCEICAO DIAS;PSTU;431;0.02;2026-10-05T17:14:34+00:00
1;uf;AL;;AL;21;EDMILSON SILVA COSTA;PCB;267;0.01;2026-10-05T17:14:34+00:00
1;uf;AL;;AL;27;CLARIANA ZACARKIM BARAO;DC;636;0.03;2026-10-05T17:14:34+00:00
1;uf;AL;;AL;30;ROMEU ZEMA NETO;NOVO;1168;0.06;2026-10-05T17:14:34+00:00
1;uf;AL;;AL;70;AUGUSTO JORGE CURY;AVANTE;42427;2.33;2026-10-05T17:14:34+00:00
1;uf;AL;;AL;35;WILSON GRASSI JUNIOR;DEMOCRATA;246;0.01;2026-10-05T17:14:34+00:00
1;uf;AL;;AL;80;SAMARA MARTINS DA SILVA FEITOSA;UP;1345;0.07;2026-10-05T17:14:34+00:00
1;uf;AL;;AL;14;RENAN ANTONIO FERREIRA DOS SANTOS;MISSÃO;26851;1.48;2026-10-05T17:14:34+00:00
1;uf;AL;;AL;29;RUI COSTA PIMENTA;PCO;110;0.01;2026-10-05T17:14:34+00:00
1;uf;AM;;AM;22;FLAVIO NANTES BOLSONARO;PL;976764;45.0;2026-10-05T17:14:34+00:00
1;uf;AM;;AM;55;RONALDO RAMOS CAIADO;PSD;28310;1.3;2026-10-05T17:14:34+00:00
1;uf;AM;;AM;13;LUIZ INÁCIO LULA DA SILVA;PT;1046996;48.23;2026-10-05T17:14:34+00:00
1;uf;AM;;AM;16;HERTZ DA CONCEICAO DIAS;PSTU;457;0.02;2026-10-05T17:14:34+00:00
1;uf;AM;;AM;21;EDMILSON SILVA COSTA;PCB;265;0.01;2026-10-05T17:14:34+00:00
1;uf;AM;;AM;27;CLARIANA ZACARKIM BARAO;DC;929;0.04;2026-10-05T17:14:34+00:00
1;uf;AM;;AM;30;ROMEU ZEMA NETO;NOVO;1781;0.08;2026-10-05T17:14:34+00:00
1;uf;AM;;AM;70;AUGUSTO JORGE CURY;AVANTE;77531;3.57;2026-10-05T17:14:34+00:00
1;uf;AM;;AM;35;WILSON GRASSI JUNIOR;DEMOCRATA;291;0.01;2026-10-05T17:14:34+00:00
1;uf;AM;;AM;80;SAMARA MARTINS DA SILVA FEITOSA;UP;1867;0.09;2026-10-05T17:14:34+00:00
1;uf;AM;;AM;14;RENAN ANTONIO FERREIRA DOS SANTOS;MISSÃO;35411;1.63;2026-10-05T17:14:34+00:00
1;uf;AM;;AM;29;RUI COSTA PIMENTA;PCO;161;0.01;2026-10-05T17:14:34+00:00
1;uf;AP;;AP;22;FLAVIO NANTES BOLSONARO;PL;212278;45.67;2026-10-05T17:14:33+00:00
1;uf;AP;;AP;55;RONALDO RAMOS CAIADO;PSD;8304;1.79;2026-10-05T17:14:33+00:00
1;uf;AP;;AP;13;LUIZ INÁCIO LULA DA SILVA;PT;212503;45.71;2026-10-05T17:14:33+00:00
1;uf;AP;;AP;27;CLARIANA ZACARKIM BARAO;DC;229;0.05;2026-10-05T17:14:33+00:00
1;uf;AP;;AP;21;EDMILSON SILVA COSTA;PCB;62;0.01;2026-10-05T17:14:33+00:00
1;uf;AP;;AP;16;HERTZ DA CONCEICAO DIAS;PSTU;132;0.03;2026-10-05T17:14:33+00:00
1;uf;AP;;AP;70;AUGUSTO JORGE CURY;AVANTE;19057;4.1;2026-10-05T17:14:33+00:00
1;uf;AP;;AP;30;ROMEU ZEMA NETO;NOVO;341;0.07;2026-10-05T17:14:33+00:00
1;uf;AP;;AP;80;SAMARA MARTINS DA SILVA FEITOSA;UP;508;0.11;2026-10-05T17:14:33+00:00
1;uf;AP;;AP;35;WILSON GRASSI JUNIOR;DEMOCRATA;49;0.01;2026-10-05T17:14:33+00:00
1;uf;AP;;AP;14;RENAN ANTONIO FERREIRA DOS SANTOS;MISSÃO;11342;2.44;2026-10-05T17:14:33+00:00
1;uf;AP;;AP;29;RUI COSTA PIMENTA;PCO;53;0.01;2026-10-05T17:14:33+00:00
1;uf;BA;;BA;22;FLAVIO NANTES BOLSONARO;PL;2442585;28.53;2026-10-05T17:14:33+00:00
1;uf;BA;;BA;55;RONALDO RAMOS CAIADO;PSD;122705;1.43;2026-10-05T17:14:33+00:00
1;uf;BA;;BA;13;LUIZ INÁCIO LULA DA SILVA;PT;5664771;66.17;2026-10-05T17:14:33+00:00
1;uf;BA;;BA;27;CLARIANA ZACARKIM BARAO;DC;1676;0.02;2026-10-05T17:14:33+00:00
1;uf;BA;;BA;21;EDMILSON SILVA COSTA;PCB;1299;0.02;2026-10-05T17:14:33+00:00
1;uf;BA;;BA;16;HERTZ DA CONCEICAO DIAS;PSTU;1791;0.02;2026-10-05T17:14:33+00:00
1;uf;BA;;BA;70;AUGUSTO JORGE CURY;AVANTE;195451;2.28;2026-10-05T17:14:33+00:00
1;uf;BA;;BA;30;ROMEU ZEMA NETO;NOVO;6497;0.08;2026-10-05T17:14:33+00:00
1;uf;BA;;BA;80;SAMARA MARTINS DA SILVA FEITOSA;UP;4649;0.05;2026-10-05T17:14:33+00:00
1;uf;BA;;BA;35;WILSON GRASSI JUNIOR;DEMOCRATA;625;0.01;2026-10-05T17:14:33+00:00
1;uf;BA;;BA;14;RENAN ANTONIO FERREIRA DOS SANTOS;MISSÃO;117518;1.37;2026-10-05T17:14:33+00:00
1;uf;BA;;BA;29;RUI COSTA PIMENTA;PCO;724;0.01;2026-10-05T17:14:33+00:00
1;uf;CE;;CE;22;FLAVIO NANTES BOLSONARO;PL;1756850;31.27;2026-10-05T17:14:33+00:00
1;uf;CE;;CE;55;RONALDO RAMOS CAIADO;PSD;45604;0.81;2026-10-05T17:14:33+00:00
1;uf;CE;;CE;13;LUIZ INÁCIO LULA DA SILVA;PT;3555263;63.29;2026-10-05T17:14:33+00:00
1;uf;CE;;CE;16;HERTZ DA CONCEICAO DIAS;PSTU;1491;0.03;2026-10-05T17:14:33+00:00
1;uf;CE;;CE;21;EDMILSON SILVA COSTA;PCB;783;0.01;2026-10-05T17:14:33+00:00
1;uf;CE;;CE;27;CLARIANA ZACARKIM BARAO;DC;1071;0.02;2026-10-05T17:14:33+00:00
1;uf;CE;;CE;30;ROMEU ZEMA NETO;NOVO;4310;0.08;2026-10-05T17:14:33+00:00
1;uf;CE;;CE;70;AUGUSTO JORGE CURY;AVANTE;140524;2.5;2026-10-05T17:14:33+00:00
1;uf;CE;;CE;35;WILSON GRASSI JUNIOR;DEMOCRATA;481;0.01;2026-10-05T17:14:33+00:00
1;uf;CE;;CE;80;SAMARA MARTINS DA SILVA FEITOSA;UP;3352;0.06;2026-10-05T17:14:33+00:00
1;uf;CE;;CE;14;RENAN ANTONIO FERREIRA DOS SANTOS;MISSÃO;107587;1.92;2026-10-05T17:14:33+00:00
1;uf;CE;;CE;29;RUI COSTA PIMENTA;PCO;498;0.01;2026-10-05T17:14:33+00:00
1;uf;DF;;DF;22;FLAVIO NANTES BOLSONARO;PL;909616;51.31;2026-10-05T17:14:33+00:00
1;uf;DF;;DF;55;RONALDO RAMOS CAIADO;PSD;85076;4.8;2026-10-05T17:14:33+00:00
1;uf;DF;;DF;13;LUIZ INÁCIO LULA DA SILVA;PT;675627;38.11;2026-10-05T17:14:33+00:00
1;uf;DF;;DF;16;HERTZ DA CONCEICAO DIAS;PSTU;828;0.05;2026-10-05T17:14:33+00:00
1;uf;DF;;DF;21;EDMILSON SILVA COSTA;PCB;334;0.02;2026-10-05T17:14:33+00:00
1;uf;DF;;DF;27;CLARIANA ZACARKIM BARAO;DC;716;0.04;2026-10-05T17:14:33+00:00
1;uf;DF;;DF;30;ROMEU ZEMA NETO;NOVO;4915;0.28;2026-10-05T17:14:33+00:00
1;uf;DF;;DF;70;AUGUSTO JORGE CURY;AVANTE;45979;2.59;2026-10-05T17:14:33+00:00
1;uf;DF;;DF;35;WILSON GRASSI JUNIOR;DEMOCRATA;324;0.02;2026-10-05T17:14:33+00:00
1;uf;DF;;DF;80;SAMARA MARTINS DA SILVA FEITOSA;UP;2297;0.13;2026-10-05T17:14:33+00:00
1;uf;DF;;DF;14;RENAN ANTONIO FERREIRA DOS SANTOS;MISSÃO;46714;2.64;2026-10-05T17:14:33+00:00
1;uf;DF;;DF;29;RUI COSTA PIMENTA;PCO;382;0.02;2026-10-05T17:14:33+00:00
1;uf;ES;;ES;22;FLAVIO NANTES BOLSONARO;PL;1233194;54.78;2026-10-05T17:14:34+00:00
1;uf;ES;;ES;55;RONALDO RAMOS CAIADO;PSD;39097;1.74;2026-10-05T17:14:34+00:00
1;uf;ES;;ES;13;LUIZ INÁCIO LULA DA SILVA;PT;850028;37.76;2026-10-05T17:14:34+00:00
1;uf;ES;;ES;16;HERTZ DA CONCEICAO DIAS;PSTU;638;0.03;2026-10-05T17:14:34+00:00
1;uf;ES;;ES;21;EDMILSON SILVA COSTA;PCB;388;0.02;2026-10-05T17:14:34+00:00
1;uf;ES;;ES;27;CLARIANA ZACARKIM BARAO;DC;974;0.04;2026-10-05T17:14:34+00:00
1;uf;ES;;ES;30;ROMEU ZEMA NETO;NOVO;5873;0.26;2026-10-05T17:14:34+00:00
1;uf;ES;;ES;70;AUGUSTO JORGE CURY;AVANTE;65121;2.89;2026-10-05T17:14:34+00:00
1;uf;ES;;ES;35;WILSON GRASSI JUNIOR;DEMOCRATA;311;0.01;2026-10-05T17:14:34+00:00
1;uf;ES;;ES;80;SAMARA MARTINS DA SILVA FEITOSA;UP;1973;0.09;2026-10-05T17:14:34+00:00
1;uf;ES;;ES;14;RENAN ANTONIO FERREIRA DOS SANTOS;MISSÃO;53236;2.36;2026-10-05T17:14:34+00:00
1;uf;ES;;ES;29;RUI COSTA PIMENTA;PCO;245;0.01;2026-10-05T17:14:34+00:00
1;uf;GO;;GO;22;FLAVIO NANTES BOLSONARO;PL;2051888;53.6;2026-10-05T17:14:34+00:00
1;uf;GO;;GO;55;RONALDO RAMOS CAIADO;PSD;472041;12.33;2026-10-05T17:14:34+00:00
1;uf;GO;;GO;13;LUIZ INÁCIO LULA DA SILVA;PT;1188880;31.06;2026-10-05T17:14:34+00:00
1;uf;GO;;GO;27;CLARIANA ZACARKIM BARAO;DC;559;0.01;2026-10-05T17:14:34+00:00
1;uf;GO;;GO;21;EDMILSON SILVA COSTA;PCB;468;0.01;2026-10-05T17:14:34+00:00
1;uf;GO;;GO;16;HERTZ DA CONCEICAO DIAS;PSTU;668;0.02;2026-10-05T17:14:34+00:00
1;uf;GO;;GO;70;AUGUSTO JORGE CURY;AVANTE;53849;1.41;2026-10-05T17:14:34+00:00
1;uf;GO;;GO;30;ROMEU ZEMA NETO;NOVO;2672;0.07;2026-10-05T17:14:34+00:00
1;uf;GO;;GO;80;SAMARA MARTINS DA SILVA FEITOSA;UP;2087;0.05;2026-10-05T17:14:34+00:00
1;uf;GO;;GO;35;WILSON GRASSI JUNIOR;DEMOCRATA;346;0.01;2026-10-05T17:14:34+00:00
1;uf;GO;;GO;14;RENAN ANTONIO FERREIRA DOS SANTOS;MISSÃO;54105;1.41;2026-10-05T17:14:34+00:00
1;uf;GO;;GO;29;RUI COSTA PIMENTA;PCO;260;0.01;2026-10-05T17:14:34+00:00
1;uf;MA;;MA;22;FLAVIO NANTES BOLSONARO;PL;1239040;30.9;2026-10-05T17:14:34+00:00
1;uf;MA;;MA;55;RONALDO RAMOS CAIADO;PSD;50155;1.25;2026-10-05T17:14:34+00:00
1;uf;MA;;MA;13;LUIZ INÁCIO LULA DA SILVA;PT;2566301;63.99;2026-10-05T17:14:34+00:00
1;uf;MA;;MA;16;HERTZ DA CONCEICAO DIAS;PSTU;1459;0.04;2026-10-05T17:14:34+00:00
1;uf;MA;;MA;21;EDMILSON SILVA COSTA;PCB;475;0.01;2026-10-05T17:14:34+00:00
1;uf;MA;;MA;27;CLARIANA ZACARKIM BARAO;DC;895;0.02;2026-10-05T17:14:34+00:00
1;uf;MA;;MA;30;ROMEU ZEMA NETO;NOVO;4584;0.11;2026-10-05T17:14:34+00:00
1;uf;MA;;MA;70;AUGUSTO JORGE CURY;AVANTE;84830;2.12;2026-10-05T17:14:34+00:00
1;uf;MA;;MA;35;WILSON GRASSI JUNIOR;DEMOCRATA;307;0.01;2026-10-05T17:14:34+00:00
1;uf;MA;;MA;80;SAMARA MARTINS DA SILVA FEITOSA;UP;1795;0.04;2026-10-05T17:14:34+00:00
1;uf;MA;;MA;14;RENAN ANTONIO FERREIRA DOS SANTOS;MISSÃO;60387;1.51;2026-10-05T17:14:34+00:00
1;uf;MA;;MA;29;RUI COSTA PIMENTA;PCO;211;0.01;2026-10-05T17:14:34+00:00
1;uf;MG;;MG;22;FLAVIO NANTES BOLSONARO;PL;5777548;48.24;2026-10-05T17:14:34+00:00
1;uf;MG;;MG;55;RONALDO RAMOS CAIADO;PSD;230423;1.92;2026-10-05T17:14:34+00:00
1;uf;MG;;MG;13;LUIZ INÁCIO LULA DA SILVA;PT;5188936;43.33;2026-10-05T17:14:34+00:00
1;uf;MG;;MG;16;HERTZ DA CONCEICAO DIAS;PSTU;4085;0.03;2026-10-05T17:14:34+00:00
1;uf;MG;;MG;21;EDMILSON SILVA COSTA;PCB;2300;0.02;2026-10-05T17:14:34+00:00
1;uf;MG;;MG;27;CLARIANA ZACARKIM BARAO;DC;3411;0.03;2026-10-05T17:14:34+00:00
1;uf;MG;;MG;30;ROMEU ZEMA NETO;NOVO;98407;0.82;2026-10-05T17:14:34+00:00
1;uf;MG;;MG;70;AUGUSTO JORGE CURY;AVANTE;409737;3.42;2026-10-05T17:14:34+00:00
1;uf;MG;;MG;35;WILSON GRASSI JUNIOR;DEMOCRATA;1732;0.01;2026-10-05T17:14:34+00:00
1;uf;MG;;MG;80;SAMARA MARTINS DA SILVA FEITOSA;UP;11026;0.09;2026-10-05T17:14:34+00:00
1;uf;MG;;MG;14;RENAN ANTONIO FERREIRA DOS SANTOS;MISSÃO;247209;2.06;2026-10-05T17:14:34+00:00
1;uf;MG;;MG;29;RUI COSTA PIMENTA;PCO;1421;0.01;2026-10-05T17:14:34+00:00
1;uf;MS;;MS;22;FLAVIO NANTES BOLSONARO;PL;873351;58.6;2026-10-05T17:14:34+00:00
1;uf;MS;;MS;55;RONALDO RAMOS CAIADO;PSD;23291;1.56;2026-10-05T17:14:34+00:00
1;uf;MS;;MS;13;LUIZ INÁCIO LULA DA SILVA;PT;516855;34.68;2026-10-05T17:14:34+00:00
1;uf;MS;;MS;27;CLARIANA ZACARKIM BARAO;DC;626;0.04;2026-10-05T17:14:34+00:00
1;uf;MS;;MS;21;EDMILSON SILVA COSTA;PCB;332;0.02;2026-10-05T17:14:34+00:00
1;uf;MS;;MS;16;HERTZ DA CONCEICAO DIAS;PSTU;353;0.02;2026-10-05T17:14:34+00:00
1;uf;MS;;MS;70;AUGUSTO JORGE CURY;AVANTE;39148;2.63;2026-10-05T17:14:34+00:00
1;uf;MS;;MS;30;ROMEU ZEMA NETO;NOVO;2792;0.19;2026-10-05T17:14:34+00:00
1;uf;MS;;MS;80;SAMARA MARTINS DA SILVA FEITOSA;UP;1291;0.09;2026-10-05T17:14:34+00:00
1;uf;MS;;MS;35;WILSON GRASSI JUNIOR;DEMOCRATA;209;0.01;2026-10-05T17:14:34+00:00
1;uf;MS;;MS;14;RENAN ANTONIO FERREIRA DOS SANTOS;MISSÃO;31847;2.14;2026-10-05T17:14:34+00:00
1;uf;MS;;MS;29;RUI COSTA PIMENTA;PCO;183;0.01;2026-10-05T17:14:34+00:00
1;uf;MT;;MT;22;FLAVIO NANTES BOLSONARO;PL;1298581;65.15;2026-10-05T17:14:34+00:00
1;uf;MT;;MT;55;RONALDO RAMOS CAIADO;PSD;33079;1.66;2026-10-05T17:14:34+00:00
1;uf;MT;;MT;13;LUIZ INÁCIO LULA DA SILVA;PT;581681;29.18;2026-10-05T17:14:34+00:00
1;uf;MT;;MT;27;CLARIANA ZACARKIM BARAO;DC;1869;0.09;2026-10-05T17:14:34+00:00
1;uf;MT;;MT;21;EDMILSON SILVA COSTA;PCB;239;0.01;2026-10-05T17:14:34+00:00
1;uf;MT;;MT;16;HERTZ DA CONCEICAO DIAS;PSTU;340;0.02;2026-10-05T17:14:34+00:00
1;uf;MT;;MT;70;AUGUSTO JORGE CURY;AVANTE;40019;2.01;2026-10-05T17:14:34+00:00
1;uf;MT;;MT;30;ROMEU ZEMA NETO;NOVO;2424;0.12;2026-10-05T17:14:34+00:00
1;uf;MT;;MT;80;SAMARA MARTINS DA SILVA FEITOSA;UP;1584;0.08;2026-10-05T17:14:34+00:00
1;uf;MT;;MT;35;WILSON GRASSI JUNIOR;DEMOCRATA;172;0.01;2026-10-05T17:14:34+00:00
1;uf;MT;;MT;14;RENAN ANTONIO FERREIRA DOS SANTOS;MISSÃO;33170;1.66;2026-10-05T17:14:34+00:00
1;uf;MT;;MT;29;RUI COSTA PIMENTA;PCO;130;0.01;2026-10-05T17:14:34+00:00
1;uf;PA;;PA;22;FLAVIO NANTES BOLSONARO;PL;2163957;44.5;2026-10-05T17:14:34+00:00
1;uf;PA;;PA;55;RONALDO RAMOS CAIADO;PSD;51991;1.07;2026-10-05T17:14:34+00:00
1;uf;PA;;PA;13;LUIZ INÁCIO LULA DA SILVA;PT;2427237;49.91;2026-10-05T17:14:34+00:00
1;uf;PA;;PA;16;HERTZ DA CONCEICAO DIAS;PSTU;1045;0.02;2026-10-05T17:14:34+00:00
1;uf;PA;;PA;21;EDMILSON SILVA COSTA;PCB;674;0.01;2026-10-05T17:14:34+00:00
1;uf;PA;;PA;27;CLARIANA ZACARKIM BARAO;DC;1293;0.03;2026-10-05T17:14:34+00:00
1;uf;PA;;PA;30;ROMEU ZEMA NETO;NOVO;3064;0.06;2026-10-05T17:14:34+00:00
1;uf;PA;;PA;70;AUGUSTO JORGE CURY;AVANTE;125172;2.57;2026-10-05T17:14:34+00:00
1;uf;PA;;PA;35;WILSON GRASSI JUNIOR;DEMOCRATA;442;0.01;2026-10-05T17:14:34+00:00
1;uf;PA;;PA;80;SAMARA MARTINS DA SILVA FEITOSA;UP;3824;0.08;2026-10-05T17:14:34+00:00
1;uf;PA;;PA;14;RENAN ANTONIO FERREIRA DOS SANTOS;MISSÃO;84165;1.73;2026-10-05T17:14:34+00:00
1;uf;PA;;PA;29;RUI COSTA PIMENTA;PCO;308;0.01;2026-10-05T17:14:34+00:00
1;uf;PB;;PB;22;FLAVIO NANTES BOLSONARO;PL;831377;33.07;2026-10-05T17:14:34+00:00
1;uf;PB;;PB;55;RONALDO RAMOS CAIADO;PSD;19511;0.78;2026-10-05T17:14:34+00:00
1;uf;PB;;PB;13;LUIZ INÁCIO LULA DA SILVA;PT;1541127;61.31;2026-10-05T17:14:34+00:00
1;uf;PB;;PB;27;CLARIANA ZACARKIM BARAO;DC;604;0.02;2026-10-05T17:14:34+00:00
1;uf;PB;;PB;21;EDMILSON SILVA COSTA;PCB;347;0.01;2026-10-05T17:14:34+00:00
1;uf;PB;;PB;16;HERTZ DA CONCEICAO DIAS;PSTU;627;0.02;2026-10-05T17:14:34+00:00
1;uf;PB;;PB;70;AUGUSTO JORGE CURY;AVANTE;73831;2.94;2026-10-05T17:14:34+00:00
1;uf;PB;;PB;30;ROMEU ZEMA NETO;NOVO;1988;0.08;2026-10-05T17:14:34+00:00
1;uf;PB;;PB;80;SAMARA MARTINS DA SILVA FEITOSA;UP;1593;0.06;2026-10-05T17:14:34+00:00
1;uf;PB;;PB;35;WILSON GRASSI JUNIOR;DEMOCRATA;221;0.01;2026-10-05T17:14:34+00:00
1;uf;PB;;PB;14;RENAN ANTONIO FERREIRA DOS SANTOS;MISSÃO;42247;1.68;2026-10-05T17:14:34+00:00
1;uf;PB;;PB;29;RUI COSTA PIMENTA;PCO;274;0.01;2026-10-05T17:14:34+00:00
1;uf;PE;;PE;22;FLAVIO NANTES BOLSONARO;PL;1738043;31.03;2026-10-05T17:14:34+00:00
1;uf;PE;;PE;55;RONALDO RAMOS CAIADO;PSD;73176;1.31;2026-10-05T17:14:34+00:00
1;uf;PE;;PE;13;LUIZ INÁCIO LULA DA SILVA;PT;3553971;63.45;2026-10-05T17:14:34+00:00
1;uf;PE;;PE;16;HERTZ DA CONCEICAO DIAS;PSTU;1114;0.02;2026-10-05T17:14:34+00:00
1;uf;PE;;PE;21;EDMILSON SILVA COSTA;PCB;705;0.01;2026-10-05T17:14:34+00:00
1;uf;PE;;PE;27;CLARIANA ZACARKIM BARAO;DC;869;0.02;2026-10-05T17:14:34+00:00
1;uf;PE;;PE;30;ROMEU ZEMA NETO;NOVO;6060;0.11;2026-10-05T17:14:34+00:00
1;uf;PE;;PE;70;AUGUSTO JORGE CURY;AVANTE;137960;2.46;2026-10-05T17:14:34+00:00
1;uf;PE;;PE;35;WILSON GRASSI JUNIOR;DEMOCRATA;457;0.01;2026-10-05T17:14:34+00:00
1;uf;PE;;PE;80;SAMARA MARTINS DA SILVA FEITOSA;UP;2387;0.04;2026-10-05T17:14:34+00:00
1;uf;PE;;PE;14;RENAN ANTONIO FERREIRA DOS SANTOS;MISSÃO;85865;1.53;2026-10-05T17:14:34+00:00
1;uf;PE;;PE;29;RUI COSTA PIMENTA;PCO;410;0.01;2026-10-05T17:14:34+00:00
1;uf;PI;;PI;22;FLAVIO NANTES BOLSONARO;PL;517028;24.09;2026-10-05T17:14:34+00:00
1;uf;PI;;PI;55;RONALDO RAMOS CAIADO;PSD;21629;1.01;2026-10-05T17:14:34+00:00
1;uf;PI;;PI;13;LUIZ INÁCIO LULA DA SILVA;PT;1523710;70.99;2026-10-05T17:14:34+00:00
1;uf;PI;;PI;16;HERTZ DA CONCEICAO DIAS;PSTU;443;0.02;2026-10-05T17:14:34+00:00
1;uf;PI;;PI;21;EDMILSON SILVA COSTA;PCB;319;0.01;2026-10-05T17:14:34+00:00
1;uf;PI;;PI;27;CLARIANA ZACARKIM BARAO;DC;504;0.02;2026-10-05T17:14:34+00:00
1;uf;PI;;PI;30;ROMEU ZEMA NETO;NOVO;1357;0.06;2026-10-05T17:14:34+00:00
1;uf;PI;;PI;70;AUGUSTO JORGE CURY;AVANTE;47692;2.22;2026-10-05T17:14:34+00:00
1;uf;PI;;PI;35;WILSON GRASSI JUNIOR;DEMOCRATA;193;0.01;2026-10-05T17:14:34+00:00
1;uf;PI;;PI;80;SAMARA MARTINS DA SILVA FEITOSA;UP;1099;0.05;2026-10-05T17:14:34+00:00
1;uf;PI;;PI;14;RENAN ANTONIO FERREIRA DOS SANTOS;MISSÃO;32274;1.5;2026-10-05T17:14:34+00:00
1;uf;PI;;PI;29;RUI COSTA PIMENTA;PCO;146;0.01;2026-10-05T17:14:34+00:00
1;uf;PR;;PR;22;FLAVIO NANTES BOLSONARO;PL;3945345;59.91;2026-10-05T17:14:34+00:00
1;uf;PR;;PR;55;RONALDO RAMOS CAIADO;PSD;171294;2.6;2026-10-05T17:14:34+00:00
1;uf;PR;;PR;13;LUIZ INÁCIO LULA DA SILVA;PT;2054597;31.2;2026-10-05T17:14:34+00:00
1;uf;PR;;PR;27;CLARIANA ZACARKIM BARAO;DC;2445;0.04;2026-10-05T17:14:34+00:00
1;uf;PR;;PR;21;EDMILSON SILVA COSTA;PCB;1195;0.02;2026-10-05T17:14:34+00:00
1;uf;PR;;PR;16;HERTZ DA CONCEICAO DIAS;PSTU;2056;0.03;2026-10-05T17:14:34+00:00
1;uf;PR;;PR;70;AUGUSTO JORGE CURY;AVANTE;205095;3.11;2026-10-05T17:14:34+00:00
1;uf;PR;;PR;30;ROMEU ZEMA NETO;NOVO;17172;0.26;2026-10-05T17:14:34+00:00
1;uf;PR;;PR;80;SAMARA MARTINS DA SILVA FEITOSA;UP;6731;0.1;2026-10-05T17:14:34+00:00
1;uf;PR;;PR;35;WILSON GRASSI JUNIOR;DEMOCRATA;962;0.01;2026-10-05T17:14:34+00:00
1;uf;PR;;PR;14;RENAN ANTONIO FERREIRA DOS SANTOS;MISSÃO;177434;2.69;2026-10-05T17:14:34+00:00
1;uf;PR;;PR;29;RUI COSTA PIMENTA;PCO;917;0.01;2026-10-05T17:14:34+00:00
1;uf;RJ;;RJ;22;FLAVIO NANTES BOLSONARO;PL;4966844;53.01;2026-10-05T17:14:34+00:00
1;uf;RJ;;RJ;55;RONALDO RAMOS CAIADO;PSD;199844;2.13;2026-10-05T17:14:34+00:00
1;uf;RJ;;RJ;13;LUIZ INÁCIO LULA DA SILVA;PT;3693021;39.41;2026-10-05T17:14:34+00:00
1;uf;RJ;;RJ;16;HERTZ DA CONCEICAO DIAS;PSTU;3999;0.04;2026-10-05T17:14:34+00:00
1;uf;RJ;;RJ;21;EDMILSON SILVA COSTA;PCB;2854;0.03;2026-10-05T17:14:34+00:00
1;uf;RJ;;RJ;27;CLARIANA ZACARKIM BARAO;DC;4082;0.04;2026-10-05T17:14:34+00:00
1;uf;RJ;;RJ;30;ROMEU ZEMA NETO;NOVO;21907;0.23;2026-10-05T17:14:34+00:00
1;uf;RJ;;RJ;70;AUGUSTO JORGE CURY;AVANTE;247397;2.64;2026-10-05T17:14:34+00:00
1;uf;RJ;;RJ;35;WILSON GRASSI JUNIOR;DEMOCRATA;1930;0.02;2026-10-05T17:14:34+00:00
1;uf;RJ;;RJ;80;SAMARA MARTINS DA SILVA FEITOSA;UP;14186;0.15;2026-10-05T17:14:34+00:00
1;uf;RJ;;RJ;14;RENAN ANTONIO FERREIRA DOS SANTOS;MISSÃO;211843;2.26;2026-10-05T17:14:34+00:00
1;uf;RJ;;RJ;29;RUI COSTA PIMENTA;PCO;1793;0.02;2026-10-05T17:14:34+00:00
1;uf;RN;;RN;22;FLAVIO NANTES BOLSONARO;PL;720493;34.77;2026-10-05T17:14:34+00:00
1;uf;RN;;RN;55;RONALDO RAMOS CAIADO;PSD;16407;0.79;2026-10-05T17:14:34+00:00
1;uf;RN;;RN;13;LUIZ INÁCIO LULA DA SILVA;PT;1237963;59.75;2026-10-05T17:14:34+00:00
1;uf;RN;;RN;16;HERTZ DA CONCEICAO DIAS;PSTU;572;0.03;2026-10-05T17:14:34+00:00
1;uf;RN;;RN;21;EDMILSON SILVA COSTA;PCB;315;0.02;2026-10-05T17:14:34+00:00
1;uf;RN;;RN;27;CLARIANA ZACARKIM BARAO;DC;405;0.02;2026-10-05T17:14:34+00:00
1;uf;RN;;RN;30;ROMEU ZEMA NETO;NOVO;1525;0.07;2026-10-05T17:14:34+00:00
1;uf;RN;;RN;70;AUGUSTO JORGE CURY;AVANTE;57367;2.77;2026-10-05T17:14:34+00:00
1;uf;RN;;RN;35;WILSON GRASSI JUNIOR;DEMOCRATA;185;0.01;2026-10-05T17:14:34+00:00
1;uf;RN;;RN;80;SAMARA MARTINS DA SILVA FEITOSA;UP;1228;0.06;2026-10-05T17:14:34+00:00
1;uf;RN;;RN;14;RENAN ANTONIO FERREIRA DOS SANTOS;MISSÃO;35261;1.7;2026-10-05T17:14:34+00:00
1;uf;RN;;RN;29;RUI COSTA PIMENTA;PCO;177;0.01;2026-10-05T17:14:34+00:00
1;uf;RO;;RO;22;FLAVIO NANTES BOLSONARO;PL;652988;67.45;2026-10-05T17:14:34+00:00
1;uf;RO;;RO;55;RONALDO RAMOS CAIADO;PSD;16929;1.75;2026-10-05T17:14:34+00:00
1;uf;RO;;RO;13;LUIZ INÁCIO LULA DA SILVA;PT;250667;25.89;2026-10-05T17:14:34+00:00
1;uf;RO;;RO;27;CLARIANA ZACARKIM BARAO;DC;356;0.04;2026-10-05T17:14:34+00:00
1;uf;RO;;RO;21;EDMILSON SILVA COSTA;PCB;160;0.02;2026-10-05T17:14:34+00:00
1;uf;RO;;RO;16;HERTZ DA CONCEICAO DIAS;PSTU;174;0.02;2026-10-05T17:14:34+00:00
1;uf;RO;;RO;70;AUGUSTO JORGE CURY;AVANTE;25280;2.61;2026-10-05T17:14:34+00:00
1;uf;RO;;RO;30;ROMEU ZEMA NETO;NOVO;1318;0.14;2026-10-05T17:14:34+00:00
1;uf;RO;;RO;80;SAMARA MARTINS DA SILVA FEITOSA;UP;843;0.09;2026-10-05T17:14:34+00:00
1;uf;RO;;RO;35;WILSON GRASSI JUNIOR;DEMOCRATA;97;0.01;2026-10-05T17:14:34+00:00
1;uf;RO;;RO;14;RENAN ANTONIO FERREIRA DOS SANTOS;MISSÃO;19187;1.98;2026-10-05T17:14:34+00:00
1;uf;RO;;RO;29;RUI COSTA PIMENTA;PCO;60;0.01;2026-10-05T17:14:34+00:00
1;uf;RR;;RR;22;FLAVIO NANTES BOLSONARO;PL;231322;71.06;2026-10-05T17:14:34+00:00
1;uf;RR;;RR;55;RONALDO RAMOS CAIADO;PSD;3639;1.12;2026-10-05T17:14:34+00:00
1;uf;RR;;RR;13;LUIZ INÁCIO LULA DA SILVA;PT;74420;22.86;2026-10-05T17:14:34+00:00
1;uf;RR;;RR;16;HERTZ DA CONCEICAO DIAS;PSTU;60;0.02;2026-10-05T17:14:34+00:00
1;uf;RR;;RR;21;EDMILSON SILVA COSTA;PCB;42;0.01;2026-10-05T17:14:34+00:00
1;uf;RR;;RR;27;CLARIANA ZACARKIM BARAO;DC;168;0.05;2026-10-05T17:14:34+00:00
1;uf;RR;;RR;30;ROMEU ZEMA NETO;NOVO;337;0.1;2026-10-05T17:14:34+00:00
1;uf;RR;;RR;70;AUGUSTO JORGE CURY;AVANTE;8579;2.64;2026-10-05T17:14:34+00:00
1;uf;RR;;RR;35;WILSON GRASSI JUNIOR;DEMOCRATA;41;0.01;2026-10-05T17:14:34+00:00
1;uf;RR;;RR;80;SAMARA MARTINS DA SILVA FEITOSA;UP;280;0.09;2026-10-05T17:14:34+00:00
1;uf;RR;;RR;14;RENAN ANTONIO FERREIRA DOS SANTOS;MISSÃO;6623;2.03;2026-10-05T17:14:34+00:00
1;uf;RR;;RR;29;RUI COSTA PIMENTA;PCO;34;0.01;2026-10-05T17:14:34+00:00
1;uf;RS;;RS;22;FLAVIO NANTES BOLSONARO;PL;3573783;55.64;2026-10-05T17:14:34+00:00
1;uf;RS;;RS;55;RONALDO RAMOS CAIADO;PSD;158821;2.47;2026-10-05T17:14:34+00:00
1;uf;RS;;RS;13;LUIZ INÁCIO LULA DA SILVA;PT;2294759;35.73;2026-10-05T17:14:34+00:00
1;uf;RS;;RS;16;HERTZ DA CONCEICAO DIAS;PSTU;2146;0.03;2026-10-05T17:14:34+00:00
1;uf;RS;;RS;21;EDMILSON SILVA COSTA;PCB;1031;0.02;2026-10-05T17:14:34+00:00
1;uf;RS;;RS;27;CLARIANA ZACARKIM BARAO;DC;2066;0.03;2026-10-05T17:14:34+00:00
1;uf;RS;;RS;30;ROMEU ZEMA NETO;NOVO;18988;0.3;2026-10-05T17:14:34+00:00
1;uf;RS;;RS;70;AUGUSTO JORGE CURY;AVANTE;195296;3.04;2026-10-05T17:14:34+00:00
1;uf;RS;;RS;35;WILSON GRASSI JUNIOR;DEMOCRATA;923;0.01;2026-10-05T17:14:34+00:00
1;uf;RS;;RS;80;SAMARA MARTINS DA SILVA FEITOSA;UP;6632;0.1;2026-10-05T17:14:34+00:00
1;uf;RS;;RS;14;RENAN ANTONIO FERREIRA DOS SANTOS;MISSÃO;167558;2.61;2026-10-05T17:14:34+00:00
1;uf;RS;;RS;29;RUI COSTA PIMENTA;PCO;1043;0.02;2026-10-05T17:14:34+00:00
1;uf;SC;;SC;22;FLAVIO NANTES BOLSONARO;PL;3000020;66.65;2026-10-05T17:14:34+00:00
1;uf;SC;;SC;55;RONALDO RAMOS CAIADO;PSD;79911;1.78;2026-10-05T17:14:34+00:00
1;uf;SC;;SC;13;LUIZ INÁCIO LULA DA SILVA;PT;1127168;25.04;2026-10-05T17:14:34+00:00
1;uf;SC;;SC;16;HERTZ DA CONCEICAO DIAS;PSTU;1503;0.03;2026-10-05T17:14:34+00:00
1;uf;SC;;SC;21;EDMILSON SILVA COSTA;PCB;828;0.02;2026-10-05T17:14:34+00:00
1;uf;SC;;SC;27;CLARIANA ZACARKIM BARAO;DC;1429;0.03;2026-10-05T17:14:34+00:00
1;uf;SC;;SC;30;ROMEU ZEMA NETO;NOVO;16718;0.37;2026-10-05T17:14:34+00:00
1;uf;SC;;SC;70;AUGUSTO JORGE CURY;AVANTE;134273;2.98;2026-10-05T17:14:34+00:00
1;uf;SC;;SC;35;WILSON GRASSI JUNIOR;DEMOCRATA;560;0.01;2026-10-05T17:14:34+00:00
1;uf;SC;;SC;80;SAMARA MARTINS DA SILVA FEITOSA;UP;5049;0.11;2026-10-05T17:14:34+00:00
1;uf;SC;;SC;14;RENAN ANTONIO FERREIRA DOS SANTOS;MISSÃO;132795;2.95;2026-10-05T17:14:34+00:00
1;uf;SC;;SC;29;RUI COSTA PIMENTA;PCO;643;0.01;2026-10-05T17:14:34+00:00
1;uf;SE;;SE;22;FLAVIO NANTES BOLSONARO;PL;417839;30.63;2026-10-05T17:14:34+00:00
1;uf;SE;;SE;55;RONALDO RAMOS CAIADO;PSD;26651;1.95;2026-10-05T17:14:34+00:00
1;uf;SE;;SE;13;LUIZ INÁCIO LULA DA SILVA;PT;856019;62.75;2026-10-05T17:14:34+00:00
1;uf;SE;;SE;27;CLARIANA ZACARKIM BARAO;DC;457;0.03;2026-10-05T17:14:34+00:00
1;uf;SE;;SE;21;EDMILSON SILVA COSTA;PCB;204;0.01;2026-10-05T17:14:34+00:00
1;uf;SE;;SE;16;HERTZ DA CONCEICAO DIAS;PSTU;331;0.02;2026-10-05T17:14:34+00:00
1;uf;SE;;SE;70;AUGUSTO JORGE CURY;AVANTE;38895;2.85;2026-10-05T17:14:34+00:00
1;uf;SE;;SE;30;ROMEU ZEMA NETO;NOVO;1158;0.08;2026-10-05T17:14:34+00:00
1;uf;SE;;SE;80;SAMARA MARTINS DA SILVA FEITOSA;UP;991;0.07;2026-10-05T17:14:34+00:00
1;uf;SE;;SE;35;WILSON GRASSI JUNIOR;DEMOCRATA;138;0.01;2026-10-05T17:14:34+00:00
1;uf;SE;;SE;14;RENAN ANTONIO FERREIRA DOS SANTOS;MISSÃO;21405;1.57;2026-10-05T17:14:34+00:00
1;uf;SE;;SE;29;RUI COSTA PIMENTA;PCO;108;0.01;2026-10-05T17:14:34+00:00
1;uf;SP;;SP;22;FLAVIO NANTES BOLSONARO;PL;12922023;51.93;2026-10-05T17:14:34+00:00
1;uf;SP;;SP;55;RONALDO RAMOS CAIADO;PSD;579571;2.33;2026-10-05T17:14:34+00:00
1;uf;SP;;SP;13;LUIZ INÁCIO LULA DA SILVA;PT;9505413;38.2;2026-10-05T17:14:34+00:00
1;uf;SP;;SP;27;CLARIANA ZACARKIM BARAO;DC;10563;0.04;2026-10-05T17:14:34+00:00
1;uf;SP;;SP;21;EDMILSON SILVA COSTA;PCB;6129;0.02;2026-10-05T17:14:34+00:00
1;uf;SP;;SP;16;HERTZ DA CONCEICAO DIAS;PSTU;15815;0.06;2026-10-05T17:14:34+00:00
1;uf;SP;;SP;70;AUGUSTO JORGE CURY;AVANTE;892368;3.59;2026-10-05T17:14:34+00:00
1;uf;SP;;SP;30;ROMEU ZEMA NETO;NOVO;94635;0.38;2026-10-05T17:14:34+00:00
1;uf;SP;;SP;80;SAMARA MARTINS DA SILVA FEITOSA;UP;42532;0.17;2026-10-05T17:14:34+00:00
1;uf;SP;;SP;35;WILSON GRASSI JUNIOR;DEMOCRATA;5160;0.02;2026-10-05T17:14:34+00:00
1;uf;SP;;SP;14;RENAN ANTONIO FERREIRA DOS SANTOS;MISSÃO;804310;3.23;2026-10-05T17:14:34+00:00
1;uf;SP;;SP;29;RUI COSTA PIMENTA;PCO;4429;0.02;2026-10-05T17:14:34+00:00
1;uf;TO;;TO;22;FLAVIO NANTES BOLSONARO;PL;469321;50.44;2026-10-05T17:14:34+00:00
1;uf;TO;;TO;55;RONALDO RAMOS CAIADO;PSD;20189;2.17;2026-10-05T17:14:34+00:00
1;uf;TO;;TO;13;LUIZ INÁCIO LULA DA SILVA;PT;404009;43.42;2026-10-05T17:14:34+00:00
1;uf;TO;;TO;27;CLARIANA ZACARKIM BARAO;DC;171;0.02;2026-10-05T17:14:34+00:00
1;uf;TO;;TO;21;EDMILSON SILVA COSTA;PCB;117;0.01;2026-10-05T17:14:34+00:00
1;uf;TO;;TO;16;HERTZ DA CONCEICAO DIAS;PSTU;101;0.01;2026-10-05T17:14:34+00:00
1;uf;TO;;TO;70;AUGUSTO JORGE CURY;AVANTE;22434;2.41;2026-10-05T17:14:34+00:00
1;uf;TO;;TO;30;ROMEU ZEMA NETO;NOVO;595;0.06;2026-10-05T17:14:34+00:00
1;uf;TO;;TO;80;SAMARA MARTINS DA SILVA FEITOSA;UP;395;0.04;2026-10-05T17:14:34+00:00
1;uf;TO;;TO;35;WILSON GRASSI JUNIOR;DEMOCRATA;67;0.01;2026-10-05T17:14:34+00:00
1;uf;TO;;TO;14;RENAN ANTONIO FERREIRA DOS SANTOS;MISSÃO;12983;1.4;2026-10-05T17:14:34+00:00
1;uf;TO;;TO;29;RUI COSTA PIMENTA;PCO;65;0.01;2026-10-05T17:14:34+00:00
1;uf;ZZ;;EXTERIOR;22;FLAVIO NANTES BOLSONARO;PL;143900;43.49;2026-10-05T17:14:34+00:00
1;uf;ZZ;;EXTERIOR;55;RONALDO RAMOS CAIADO;PSD;4708;1.42;2026-10-05T17:14:34+00:00
1;uf;ZZ;;EXTERIOR;13;LUIZ INÁCIO LULA DA SILVA;PT;157387;47.57;2026-10-05T17:14:34+00:00
1;uf;ZZ;;EXTERIOR;16;HERTZ DA CONCEICAO DIAS;PSTU;373;0.11;2026-10-05T17:14:34+00:00
1;uf;ZZ;;EXTERIOR;21;EDMILSON SILVA COSTA;PCB;421;0.13;2026-10-05T17:14:34+00:00
1;uf;ZZ;;EXTERIOR;27;CLARIANA ZACARKIM BARAO;DC;825;0.25;2026-10-05T17:14:34+00:00
1;uf;ZZ;;EXTERIOR;30;ROMEU ZEMA NETO;NOVO;3329;1.01;2026-10-05T17:14:34+00:00
1;uf;ZZ;;EXTERIOR;70;AUGUSTO JORGE CURY;AVANTE;9734;2.94;2026-10-05T17:14:34+00:00
1;uf;ZZ;;EXTERIOR;35;WILSON GRASSI JUNIOR;DEMOCRATA;373;0.11;2026-10-05T17:14:34+00:00
1;uf;ZZ;;EXTERIOR;80;SAMARA MARTINS DA SILVA FEITOSA;UP;1053;0.32;2026-10-05T17:14:34+00:00
1;uf;ZZ;;EXTERIOR;14;RENAN ANTONIO FERREIRA DOS SANTOS;MISSÃO;8580;2.59;2026-10-05T17:14:34+00:00
1;uf;ZZ;;EXTERIOR;29;RUI COSTA PIMENTA;PCO;199;0.06;2026-10-05T17:14:34+00:00
