turno;nivel;uf;cd_municipio;municipio;pct_secoes;eleitorado;comparecimento;abstencao;validos;brancos;nulos;atualizado_em
1;br;BR;;BRASIL;100.0;158745502;125275835;33469244;119300788;2300798;3674249;2026-10-05T17:14:33+00:00
1;uf;AC;;AC;100.0;613742;488330;125412;469066;5579;13685;2026-10-05T17:14:33+00:00
1;uf;AL;;AL;100.0;2442126;1938428;503698;1818856;33712;85860;2026-10-05T17:14:34+00:00
1;uf;AM;;AM;100.0;2798611;2234549;564062;2170763;24402;39384;2026-10-05T17:14:34+00:00
1;uf;AP;;AP;100.0;576988;476562;100426;464858;4415;7289;2026-10-05T17:14:33+00:00
1;uf;BA;;BA;100.0;11312752;9053601;2259151;8560291;154936;338374;2026-10-05T17:14:33+00:00
1;uf;CE;;CE;100.0;6996545;5910471;1086074;5617814;103295;189362;2026-10-05T17:14:33+00:00
1;uf;DF;;DF;100.0;2258320;1831396;426924;1772808;25362;33226;2026-10-05T17:14:33+00:00
1;uf;ES;;ES;100.0;2991650;2352282;639368;2251078;43211;57993;2026-10-05T17:14:34+00:00
1;uf;GO;;GO;100.0;5080590;3971587;1109003;3827823;45643;98121;2026-10-05T17:14:34+00:00
1;uf;MA;;MA;100.0;5183115;4160343;1022772;4010439;46315;103589;2026-10-05T17:14:34+00:00
1;uf;MG;;MG;100.0;16372372;12637274;3735098;11976235;268302;392737;2026-10-05T17:14:34+00:00
1;uf;MS;;MS;100.0;2024430;1541220;483210;1490278;21270;29672;2026-10-05T17:14:34+00:00
1;uf;MT;;MT;100.0;2637801;2052133;585668;1993288;20756;38089;2026-10-05T17:14:34+00:00
1;uf;PA;;PA;100.0;6262397;5066504;1195893;4863172;54203;149129;2026-10-05T17:14:34+00:00
1;uf;PB;;PB;100.0;3248531;2683988;564543;2513747;52297;117944;2026-10-05T17:14:34+00:00
1;uf;PE;;PE;100.0;7223450;5911062;1312388;5601017;109491;200554;2026-10-05T17:14:34+00:00
1;uf;PI;;PI;100.0;2704758;2240883;463875;2146394;28329;66160;2026-10-05T17:14:34+00:00
1;uf;PR;;PR;100.0;8613657;6841457;1772200;6585243;122499;133715;2026-10-05T17:14:34+00:00
1;uf;RJ;;RJ;100.0;12857648;9859802;2997846;9369700;201979;288123;2026-10-05T17:14:34+00:00
1;uf;RN;;RN;100.0;2659825;2171013;488812;2071898;33172;65943;2026-10-05T17:14:34+00:00
1;uf;RO;;RO;100.0;1265893;991080;274813;968059;9846;13175;2026-10-05T17:14:34+00:00
1;uf;RR;;RR;100.0;401521;332772;68749;325545;2618;4609;2026-10-05T17:14:34+00:00
1;uf;RS;;RS;100.0;8522545;6702903;1819642;6423046;148339;131518;2026-10-05T17:14:34+00:00
1;uf;SC;;SC;100.0;5734651;4648159;1086492;4500897;69007;78255;2026-10-05T17:14:34+00:00
1;uf;SE;;SE;100.0;1740135;1439082;301053;1364196;24859;50027;2026-10-05T17:14:34+00:00
1;uf;SP;;SP;100.0;34122892;26431992;7690900;24882948;632801;916243;2026-10-05T17:14:34+00:00
1;uf;TO;;TO;100.0;1182023;965196;216827;930447;8344;26405;2026-10-05T17:14:34+00:00
1;uf;ZZ;;EXTERIOR;100.0;916534;341766;574345;330882;5816;5068;2026-10-05T17:14:34+00:00
